<manifest alg="2" build="2018.0.0.379" opt="false" iceEnabled="true" iceMarkupVersion="2" iceEnabledOptions="link,responsive,cachebuster,textStyling" exportTarget="other" domain="aledev.tk" resolutions="1x,2x" timestamp="1510259895347">
  <folder name="css">
    <file name="site_global.css" crc="444006867"/>
    <file name="master_a-master.css" crc="4073233183" ref="index"/>
    <file name="nomq_preview_master_a-master.css" crc="227942590" ref="index"/>
    <file name="index.css" crc="4036509760" ref="index"/>
    <file name="nomq_index.css" crc="3836587707" ref="index"/>
    <file name="iefonts_index.css" crc="3824530138" ref="index"/>
  </folder>
  <folder name="scripts">
    <file name="jquery-1.8.3.min.js" crc="209076791" ref="index"/>
    <file name="museutils.js" crc="3803043152" ref="index"/>
    <file name="whatinput.js" crc="86476730" ref="index"/>
    <file name="museconfig.js" crc="380897831" ref="index"/>
    <file name="jquery.musemenu.js" crc="3784699396" ref="index"/>
    <file name="jquery.watch.js" crc="99325471" ref="index"/>
    <file name="webpro.js" crc="242022427" ref="index"/>
    <file name="musewpdisclosure.js" crc="119288625" ref="index"/>
    <file name="html5shiv.js" crc="4241844378" ref="index"/>
    <file name="jquery.museresponsive.js" crc="3955820958" ref="index"/>
    <file name="require.js" crc="4157109226" ref="index"/>
  </folder>
  <folder name="images">
    <file name="logo58x60.png" crc="119671618" seo="true" ref="index">
      <caption webpage="index" alt=""/>
    </file>
    <file name="logo58x60_2x.png" crc="441944607" seo="true" ref="index">
      <caption webpage="index" alt=""/>
    </file>
    <file name="logo.png" crc="4078668083" seo="true" ref="index">
      <caption webpage="index" alt=""/>
      <caption webpage="index" alt=""/>
      <caption webpage="index" alt=""/>
    </file>
    <file name="logo_2x.png" crc="441944607" seo="true" ref="index">
      <caption webpage="index" alt=""/>
      <caption webpage="index" alt=""/>
      <caption webpage="index" alt=""/>
    </file>
    <file name="blank.gif" crc="4208392903" ref="index"/>
  </folder>
  <file name="index.html" crc="237395405" seo="true" mt="1510258293760" redirect="true"/>
</manifest>